trip_id,waktu,latitude,longitude,kecepatan_kmh,jarak_km
1,2025-03-03 13:09:00,-5.999779,106.022506,41.5,0.34561
1,2025-03-03 13:09:30,-5.996496,106.022511,43.8,0.36498
1,2025-03-03 13:10:00,-5.995724,106.025191,44.1,0.36758
1,2025-03-03 13:10:30,-5.995724,106.025191,0.0,0.0
1,2025-03-03 13:11:00,-5.995724,106.025191,0.0,0.0
1,2025-03-03 13:11:30,-5.995724,106.025191,0.0,0.0
1,2025-03-03 13:12:00,-5.995724,106.025191,0.0,0.0
1,2025-03-03 13:12:30,-5.995724,106.025191,0.0,0.0
1,2025-03-03 13:13:00,-5.995724,106.025191,0.0,0.0
1,2025-03-03 13:13:30,-5.995724,106.025191,0.0,0.0
1,2025-03-03 13:14:00,-5.995724,106.025191,0.0,0.0
1,2025-03-03 13:14:30,-5.995724,106.025191,0.0,0.0
1,2025-03-03 13:15:00,-5.995724,106.025191,0.0,0.0
1,2025-03-03 13:15:30,-5.994808,106.027639,38.2,0.31812
1,2025-03-03 13:16:00,-5.992529,106.029281,37.4,0.3117
1,2025-03-03 13:16:30,-5.990071,106.031052,40.3,0.33624
1,2025-03-03 13:17:00,-5.987669,106.032171,36.0,0.30006
1,2025-03-03 13:17:30,-5.985093,106.031889,37.0,0.3084
1,2025-03-03 13:18:00,-5.983734,106.033372,44.0,0.36705
1,2025-03-03 13:18:30,-5.985804,106.035684,41.3,0.34405
1,2025-03-03 13:19:00,-5.987834,106.038207,43.1,0.35951
1,2025-03-03 13:19:30,-5.989526,106.040676,39.8,0.33192
1,2025-03-03 13:20:00,-5.990004,106.044039,45.5,0.37948
1,2025-03-03 13:20:30,-5.989794,106.047638,47.9,0.39957
1,2025-03-03 13:21:00,-5.990604,106.050161,35.7,0.29709
1,2025-03-03 13:21:30,-5.992515,106.052498,40.3,0.3361
1,2025-03-03 13:22:00,-5.994629,106.054761,41.2,0.34336
1,2025-03-03 13:22:30,-5.997146,106.057454,49.0,0.40862
1,2025-03-03 13:23:00,-5.999205,106.059657,40.1,0.33438
1,2025-03-03 13:23:30,-6.001603,106.062224,46.7,0.38954
1,2025-03-03 13:24:00,-6.003808,106.064622,43.3,0.36123
1,2025-03-03 13:24:30,-6.005548,106.06685,37.6,0.3133
1,2025-03-03 13:25:00,-6.00749,106.069558,44.4,0.36973
1,2025-03-03 13:25:30,-6.009105,106.072215,41.3,0.34438
1,2025-03-03 13:26:00,-6.010374,106.074594,35.9,0.29886
1,2025-03-03 13:26:30,-6.011693,106.077345,40.5,0.33769
1,2025-03-03 13:27:00,-6.013014,106.0801,40.6,0.33829
1,2025-03-03 13:27:30,-6.0146,106.083247,46.9,0.39057
1,2025-03-03 13:28:00,-6.016535,106.086259,47.6,0.39646
1,2025-03-03 13:28:30,-6.018266,106.088511,37.8,0.3154
1,2025-03-03 13:29:00,-6.020605,106.09125,47.9,0.39938
1,2025-03-03 13:29:30,-6.023191,106.09363,46.8,0.38986
1,2025-03-03 13:30:00,-6.025719,106.095956,45.7,0.38101
1,2025-03-03 13:30:30,-6.028364,106.097725,42.5,0.35387
1,2025-03-03 13:31:00,-6.031278,106.099578,46.0,0.38335
1,2025-03-03 13:31:30,-6.034071,106.101354,44.1,0.36744
1,2025-03-03 13:32:00,-6.03641,106.10284,36.9,0.30764
1,2025-03-03 13:32:30,-6.039032,106.104653,42.5,0.35427
1,2025-03-03 13:33:00,-6.041768,106.107114,49.0,0.4087
1,2025-03-03 13:33:30,-6.043676,106.10897,35.4,0.29513
1,2025-03-03 13:34:00,-6.045913,106.111495,44.9,0.37418
1,2025-03-03 13:34:30,-6.04774,106.113623,37.3,0.31085
1,2025-03-03 13:35:00,-6.050009,106.115914,43.1,0.35877
1,2025-03-03 13:35:30,-6.052583,106.118063,44.6,0.37199
1,2025-03-03 13:36:00,-6.055299,106.119948,44.1,0.3677
1,2025-03-03 13:36:30,-6.057811,106.121478,39.2,0.32668
1,2025-03-03 13:37:00,-6.06109,106.123214,49.5,0.41214
1,2025-03-03 13:37:30,-6.063914,106.124709,42.6,0.35478
1,2025-03-03 13:38:00,-6.067051,106.12637,47.3,0.39423
1,2025-03-03 13:38:30,-6.070065,106.127966,45.5,0.37876
1,2025-03-03 13:39:00,-6.072763,106.129395,40.7,0.33909
1,2025-03-03 13:39:30,-6.075428,106.130807,40.2,0.33499
1,2025-03-03 13:40:00,-6.077992,106.132164,38.7,0.32219
1,2025-03-03 13:40:30,-6.080604,106.133547,39.4,0.3282
1,2025-03-03 13:41:00,-6.08289,106.134926,35.7,0.29719
1,2025-03-03 13:41:30,-6.085353,106.137426,47.1,0.39266
1,2025-03-03 13:42:00,-6.086685,106.140356,42.9,0.35747
1,2025-03-03 13:42:30,-6.087752,106.143448,43.4,0.36191
1,2025-03-03 13:43:00,-6.088631,106.145994,35.8,0.29801
1,2025-03-03 13:43:30,-6.089627,106.148882,40.5,0.33792
1,2025-03-03 13:44:00,-6.090517,106.151461,36.2,0.30188
1,2025-03-03 13:44:30,-6.091456,106.154182,38.2,0.31847
1,2025-03-03 13:45:00,-6.092463,106.157102,41.0,0.34174
1,2025-03-03 13:45:30,-6.093345,106.159659,35.9,0.29928
1,2025-03-03 13:46:00,-6.094438,106.162503,40.5,0.33729
1,2025-03-03 13:46:30,-6.095689,106.165102,38.3,0.31946
1,2025-03-03 13:47:00,-6.097134,106.167424,36.4,0.30343
1,2025-03-03 13:47:30,-6.098978,106.170121,43.4,0.36185
1,2025-03-03 13:48:00,-6.100871,106.172178,37.2,0.31001
1,2025-03-03 13:48:30,-6.103063,106.174462,42.1,0.35107
1,2025-03-03 13:49:00,-6.105378,106.176671,42.6,0.35486
1,2025-03-03 13:49:30,-6.107885,106.179063,46.1,0.38427
1,2025-03-03 13:50:00,-6.11058,106.181636,49.6,0.41319
1,2025-03-03 13:50:30,-6.112707,106.183665,39.1,0.32595
1,2025-03-03 13:51:00,-6.115074,106.185924,43.5,0.36285
1,2025-03-03 13:51:30,-6.117837,106.188067,46.7,0.38884
1,2025-03-03 13:52:00,-6.120638,106.189515,42.1,0.35102
1,2025-03-03 13:52:30,-6.123064,106.190576,35.3,0.2941
1,2025-03-03 13:53:00,-6.126314,106.192347,49.7,0.41455
1,2025-03-03 13:53:30,-6.128194,106.194417,37.4,0.31201
1,2025-03-03 13:54:00,-6.129284,106.196852,35.5,0.29601
1,2025-03-03 13:54:30,-6.130494,106.199999,44.8,0.37323
1,2025-03-03 13:55:00,-6.131719,106.203439,48.5,0.40398
1,2025-03-03 13:55:30,-6.132871,106.206673,45.6,0.37973
1,2025-03-03 13:56:00,-6.133777,106.209217,35.9,0.29882
1,2025-03-03 13:56:30,-6.13476,106.211977,38.9,0.32409
1,2025-03-03 13:57:00,-6.135981,106.215405,48.3,0.40257
1,2025-03-03 13:57:30,-6.136945,106.218111,38.1,0.31785
1,2025-03-03 13:58:00,-6.137885,106.221298,44.2,0.36874
1,2025-03-03 13:58:30,-6.138171,106.224836,47.1,0.39287
1,2025-03-03 13:59:00,-6.138275,106.227764,38.9,0.32395
1,2025-03-03 13:59:30,-6.138334,106.231203,45.6,0.38031
1,2025-03-03 14:00:00,-6.138377,106.233735,33.6,0.27994
1,2025-03-03 14:00:30,-6.13842,106.236283,33.8,0.2818
1,2025-03-03 14:01:00,-6.138478,106.239672,45.0,0.37468
1,2025-03-03 14:01:30,-6.138524,106.242348,35.5,0.29594
1,2025-03-03 14:02:00,-6.138583,106.245802,45.8,0.3819
1,2025-03-03 14:02:30,-6.138631,106.248575,36.8,0.30662
1,2025-03-03 14:03:00,-6.13868,106.251428,37.9,0.31549
1,2025-03-03 14:03:30,-6.138724,106.25399,34.0,0.28332
1,2025-03-03 14:04:00,-6.138767,106.256553,34.0,0.28336
1,2025-03-03 14:04:30,-6.138815,106.259232,35.5,0.2962
1,2025-03-03 14:05:00,-6.139385,106.262235,40.6,0.33798
1,2025-03-03 14:05:30,-6.140133,106.265421,43.5,0.36257
1,2025-03-03 14:06:00,-6.140968,106.268111,37.4,0.3115
1,2025-03-03 14:06:30,-6.141709,106.270499,33.2,0.27657
1,2025-03-03 14:07:00,-6.142593,106.273347,39.6,0.32986
1,2025-03-03 14:07:30,-6.143234,106.276077,37.2,0.31033
1,2025-03-03 14:08:00,-6.143404,106.279242,42.2,0.35128
1,2025-03-03 14:08:30,-6.143238,106.281896,35.3,0.29408
1,2025-03-03 14:09:00,-6.142455,106.285155,45.0,0.37522
1,2025-03-03 14:09:30,-6.140153,106.287264,42.5,0.35418
1,2025-03-03 14:10:00,-6.139909,106.290606,44.5,0.37111
1,2025-03-03 14:10:30,-6.138545,106.293732,45.6,0.38024
1,2025-03-03 14:11:00,-6.137161,106.29629,38.6,0.32194
1,2025-03-03 14:11:30,-6.13586,106.298766,37.4,0.31169
1,2025-03-03 14:12:00,-6.137169,106.301039,34.8,0.29039
1,2025-03-03 14:12:30,-6.138424,106.303258,33.9,0.2825
1,2025-03-03 14:13:00,-6.140422,106.30534,41.3,0.34378
1,2025-03-03 14:13:30,-6.143329,106.306899,44.0,0.36627
1,2025-03-03 14:14:00,-6.145601,106.308116,34.4,0.28627
1,2025-03-03 14:14:30,-6.148499,106.309829,45.0,0.37496
1,2025-03-03 14:15:00,-6.150779,106.311652,38.9,0.32422
1,2025-03-03 14:15:30,-6.15319,106.314028,46.6,0.38866
1,2025-03-03 14:16:00,-6.15451,106.316712,39.7,0.3311
1,2025-03-03 14:16:30,-6.157027,106.319024,46.3,0.38622
1,2025-03-03 14:17:00,-6.159104,106.32058,34.8,0.28988
1,2025-03-03 14:17:30,-6.160685,106.322983,38.6,0.32151
1,2025-03-03 14:18:00,-6.161925,106.3255,38.3,0.31891
1,2025-03-03 14:18:30,-6.163602,106.327963,40.3,0.33563
1,2025-03-03 14:19:00,-6.166061,106.330365,45.7,0.38108
1,2025-03-03 14:19:30,-6.168356,106.332929,45.8,0.38171
1,2025-03-03 14:20:00,-6.170945,106.334713,42.5,0.35409
1,2025-03-03 14:20:30,-6.173806,106.336506,45.0,0.37539
1,2025-03-03 14:21:00,-6.176666,106.338361,45.5,0.37893
1,2025-03-03 14:21:30,-6.178936,106.339429,33.5,0.27898
1,2025-03-03 14:22:00,-6.181767,106.340303,39.5,0.32928
1,2025-03-03 14:22:30,-6.184313,106.341088,35.5,0.29612
1,2025-03-03 14:23:00,-6.186676,106.342116,34.5,0.2873
1,2025-03-03 14:23:30,-6.189457,106.343349,40.6,0.33834
1,2025-03-03 14:24:00,-6.191822,106.344314,34.1,0.28378
1,2025-03-03 14:24:30,-6.194066,106.345811,36.2,0.30192
1,2025-03-03 14:25:00,-6.196524,106.347129,37.2,0.30978
1,2025-03-03 14:25:30,-6.199569,106.348354,43.8,0.36517
1,2025-03-03 14:26:00,-6.202758,106.349529,45.3,0.37773
1,2025-03-03 14:26:30,-6.205429,106.351166,42.1,0.3507
1,2025-03-03 14:27:00,-6.207259,106.35393,45.1,0.37621
1,2025-03-03 14:27:30,-6.207766,106.356679,37.4,0.31201
1,2025-03-03 14:28:00,-6.207751,106.359869,42.4,0.35334
1,2025-03-03 14:28:30,-6.206582,106.362582,39.8,0.33172
1,2025-03-03 14:29:00,-6.205258,106.365408,42.4,0.35369
1,2025-03-03 14:29:30,-6.205875,106.368291,40.1,0.33431
1,2025-03-03 14:30:00,-6.206535,106.371013,39.6,0.32975
1,2025-03-03 14:30:30,-6.206281,106.374029,44.8,0.37355
1,2025-03-03 14:31:00,-6.208159,106.376048,36.8,0.30643
1,2025-03-03 14:31:30,-6.20994,106.378512,41.8,0.34838
1,2025-03-03 14:32:00,-6.209366,106.38124,37.3,0.3111
1,2025-03-03 14:32:30,-6.207646,106.383892,43.8,0.36538
1,2025-03-03 14:33:00,-6.208428,106.386882,43.9,0.3656
1,2025-03-03 14:33:30,-6.210522,106.389574,45.5,0.37886
1,2025-03-03 14:34:00,-6.211734,106.391892,35.4,0.29497
1,2025-03-03 14:34:30,-6.213652,106.394732,45.9,0.3825
1,2025-03-03 14:35:00,-6.214015,106.39745,37.4,0.31174
1,2025-03-03 14:35:30,-6.2152,106.400555,45.6,0.37974
1,2025-03-03 14:36:00,-6.215707,106.403585,41.1,0.34285
1,2025-03-03 14:36:30,-6.215928,106.406698,41.5,0.34562
1,2025-03-03 14:37:00,-6.216618,106.409121,33.4,0.27868
1,2025-03-03 14:37:30,-6.217338,106.411645,34.8,0.29025
1,2025-03-03 14:38:00,-6.218182,106.414607,40.9,0.34059
1,2025-03-03 14:38:30,-6.218717,106.417157,34.6,0.28824
1,2025-03-03 14:39:00,-6.220299,106.419665,40.3,0.33614
1,2025-03-03 14:39:30,-6.222836,106.421578,42.3,0.35254
1,2025-03-03 14:40:00,-6.225579,106.423646,45.7,0.38117
1,2025-03-03 14:40:30,-6.226712,106.426189,37.1,0.30934
1,2025-03-03 14:41:00,-6.227776,106.428696,36.2,0.30136
1,2025-03-03 14:41:30,-6.228695,106.431485,39.9,0.33288
1,2025-03-03 14:42:00,-6.227494,106.434081,38.5,0.3212
1,2025-03-03 14:42:30,-6.225101,106.436244,43.5,0.3625
1,2025-03-03 14:43:00,-6.222957,106.437801,35.3,0.29398
1,2025-03-03 14:43:30,-6.220405,106.439655,42.0,0.35006
1,2025-03-03 14:44:00,-6.218243,106.441226,35.6,0.29657
1,2025-03-03 14:44:30,-6.215702,106.443451,45.1,0.37563
1,2025-03-03 14:45:00,-6.21347,106.445495,40.4,0.3363
1,2025-03-03 14:45:30,-6.21347,106.445495,0.0,0.0
1,2025-03-03 14:46:00,-6.21347,106.445495,0.0,0.0
1,2025-03-03 14:46:30,-6.21347,106.445495,0.0,0.0
1,2025-03-03 14:47:00,-6.21347,106.445495,0.0,0.0
1,2025-03-03 14:47:30,-6.21347,106.445495,0.0,0.0
1,2025-03-03 14:48:00,-6.21347,106.445495,0.0,0.0
1,2025-03-03 14:48:30,-6.21347,106.445495,0.0,0.0
1,2025-03-03 14:49:00,-6.21347,106.445495,0.0,0.0
1,2025-03-03 14:49:30,-6.21347,106.445495,0.0,0.0
1,2025-03-03 14:50:00,-6.21347,106.445495,0.0,0.0
1,2025-03-03 14:50:30,-6.21347,106.445495,0.0,0.0
1,2025-03-03 14:51:00,-6.21347,106.445495,0.0,0.0
1,2025-03-03 14:51:30,-6.21347,106.445495,0.0,0.0
1,2025-03-03 14:52:00,-6.21347,106.445495,0.0,0.0
1,2025-03-03 14:52:30,-6.21347,106.445495,0.0,0.0
1,2025-03-03 14:53:00,-6.21347,106.445495,0.0,0.0
1,2025-03-03 14:53:30,-6.21347,106.445495,0.0,0.0
1,2025-03-03 14:54:00,-6.21347,106.445495,0.0,0.0
1,2025-03-03 14:54:30,-6.21347,106.445495,0.0,0.0
1,2025-03-03 14:55:00,-6.21347,106.445495,0.0,0.0
1,2025-03-03 14:55:30,-6.210846,106.44746,43.7,0.36379
1,2025-03-03 14:56:00,-6.208543,106.449185,38.3,0.31924
1,2025-03-03 14:56:30,-6.205981,106.451103,42.6,0.35517
1,2025-03-03 14:57:00,-6.203527,106.452942,40.8,0.34026
1,2025-03-03 14:57:30,-6.20108,106.454774,40.7,0.33915
1,2025-03-03 14:58:00,-6.198886,106.456417,36.5,0.30415
1,2025-03-03 14:58:30,-6.196853,106.457939,33.8,0.28184
1,2025-03-03 14:59:00,-6.198823,106.45936,40.9,0.34099
1,2025-03-03 14:59:30,-6.201742,106.458974,39.3,0.32742
1,2025-03-03 15:00:00,-6.203727,106.460468,35.2,0.29364
1,2025-03-03 15:00:30,-6.204828,106.463013,36.9,0.30741
1,2025-03-03 15:01:00,-6.205595,106.465812,38.5,0.32088
1,2025-03-03 15:01:30,-6.205959,106.468246,32.7,0.27265
1,2025-03-03 15:02:00,-6.205963,106.470458,29.4,0.24484
1,2025-03-03 15:02:30,-6.205695,106.472526,27.7,0.23115
1,2025-03-03 15:03:00,-6.204928,106.475184,36.8,0.3067
1,2025-03-03 15:03:30,-6.204113,106.47737,31.0,0.2585
1,2025-03-03 15:04:00,-6.20304,106.479519,31.9,0.26583
1,2025-03-03 15:04:30,-6.20183,106.481947,36.0,0.30021
1,2025-03-03 15:05:00,-6.200981,106.484124,31.1,0.25942
1,2025-03-03 15:05:30,-6.200121,106.486923,38.9,0.32387
1,2025-03-03 15:06:00,-6.200024,106.48915,29.6,0.24645
1,2025-03-03 15:06:30,-6.200024,106.491961,37.4,0.31151
1,2025-03-03 15:07:00,-6.200331,106.494048,28.0,0.23344
1,2025-03-03 15:07:30,-6.20089,106.496619,34.9,0.29095
1,2025-03-03 15:08:00,-6.201404,106.498989,32.2,0.2681
1,2025-03-03 15:08:30,-6.201898,106.501264,30.9,0.25746
1,2025-03-03 15:09:00,-6.202454,106.503822,34.7,0.28949
1,2025-03-03 15:09:30,-6.20296,106.506151,31.6,0.26352
1,2025-03-03 15:10:00,-6.203543,106.508836,36.5,0.30375
1,2025-03-03 15:10:30,-6.204013,106.511002,29.4,0.24507
1,2025-03-03 15:11:00,-6.204633,106.513857,38.8,0.3231
1,2025-03-03 15:11:30,-6.204981,106.516461,34.9,0.29094
1,2025-03-03 15:12:00,-6.205208,106.518909,32.6,0.27173
1,2025-03-03 15:12:30,-6.205292,106.521361,32.6,0.27126
1,2025-03-03 15:13:00,-6.205375,106.523983,34.8,0.29001
1,2025-03-03 15:13:30,-6.205456,106.526533,33.8,0.28202
1,2025-03-03 15:14:00,-6.205541,106.529195,35.3,0.29446
1,2025-03-03 15:14:30,-6.205692,106.531919,36.2,0.30192
1,2025-03-03 15:15:00,-6.206172,106.534622,36.4,0.30358
1,2025-03-03 15:15:30,-6.206655,106.537352,36.8,0.30648
1,2025-03-03 15:16:00,-6.207129,106.540023,36.0,0.29998
1,2025-03-03 15:16:30,-6.207505,106.542145,28.6,0.23831
1,2025-03-03 15:17:00,-6.208134,106.544234,29.1,0.24213
1,2025-03-03 15:17:30,-6.209117,106.546249,29.9,0.24882
1,2025-03-03 15:18:00,-6.210466,106.548083,30.4,0.25327
1,2025-03-03 15:18:30,-6.212097,106.550023,33.7,0.28086
1,2025-03-03 15:19:00,-6.213676,106.551903,32.6,0.27203
1,2025-03-03 15:19:30,-6.215,106.553749,30.2,0.25186
1,2025-03-03 15:20:00,-6.216568,106.556051,37.0,0.3085
1,2025-03-03 15:20:30,-6.217529,106.557923,28.0,0.23334
1,2025-03-03 15:21:00,-6.218766,106.56051,38.1,0.31725
1,2025-03-03 15:21:30,-6.21956,106.563114,36.2,0.30155
1,2025-03-03 15:22:00,-6.220348,106.565884,38.2,0.31845
1,2025-03-03 15:22:30,-6.22072,106.568002,28.6,0.23815
1,2025-03-03 15:23:00,-6.221098,106.570632,35.3,0.29378
1,2025-03-03 15:23:30,-6.221377,106.572779,28.7,0.23938
1,2025-03-03 15:24:00,-6.221588,106.575085,30.7,0.25593
1,2025-03-03 15:24:30,-6.221827,106.577705,34.9,0.29092
1,2025-03-03 15:25:00,-6.222024,106.579858,28.7,0.23896
1,2025-03-03 15:25:30,-6.222283,106.582692,37.7,0.31455
1,2025-03-03 15:26:00,-6.222532,106.585417,36.3,0.30252
1,2025-03-03 15:26:30,-6.222781,106.588146,36.3,0.30291
1,2025-03-03 15:27:00,-6.222975,106.59026,28.2,0.2347
1,2025-03-03 15:27:30,-6.223218,106.592921,35.4,0.29537
1,2025-03-03 15:28:00,-6.223459,106.595558,35.1,0.29269
1,2025-03-03 15:28:30,-6.223663,106.597788,29.7,0.24754
1,2025-03-03 15:29:00,-6.223892,106.600292,33.4,0.27801
1,2025-03-03 15:29:30,-6.22416,106.603223,39.0,0.32533
1,2025-03-03 15:30:00,-6.224407,106.605924,36.0,0.2999
1,2025-03-03 15:30:30,-6.224607,106.608117,29.2,0.24342
1,2025-03-03 15:31:00,-6.224849,106.610765,35.3,0.2939
1,2025-03-03 15:31:30,-6.225024,106.613142,31.6,0.26363
1,2025-03-03 15:32:00,-6.225004,106.615293,28.6,0.23813
1,2025-03-03 15:32:30,-6.224826,106.617429,28.4,0.23695
1,2025-03-03 15:33:00,-6.224553,106.619843,32.2,0.26865
1,2025-03-03 15:33:30,-6.224195,106.622342,33.5,0.27905
1,2025-03-03 15:34:00,-6.223838,106.624839,33.5,0.27886
1,2025-03-03 15:34:30,-6.223511,106.62713,30.7,0.25591
1,2025-03-03 15:35:00,-6.223158,106.629597,33.1,0.27546
1,2025-03-03 15:35:30,-6.2228,106.632099,33.5,0.2794
1,2025-03-03 15:36:00,-6.222472,106.634391,30.7,0.25598
1,2025-03-03 15:36:30,-6.222121,106.636846,32.9,0.2742
1,2025-03-03 15:37:00,-6.221747,106.639463,35.1,0.29228
1,2025-03-03 15:37:30,-6.221448,106.641548,27.9,0.23281
1,2025-03-03 15:38:00,-6.221095,106.644019,33.1,0.27596
1,2025-03-03 15:38:30,-6.220766,106.646322,30.9,0.25722
1,2025-03-03 15:39:00,-6.220365,106.64912,37.5,0.31243
1,2025-03-03 15:39:30,-6.219979,106.65182,36.2,0.30161
1,2025-03-03 15:40:00,-6.219646,106.65415,31.2,0.26022
1,2025-03-03 15:40:30,-6.219338,106.656301,28.8,0.24018
1,2025-03-03 15:41:00,-6.219026,106.658483,29.2,0.24363
1,2025-03-03 15:41:30,-6.218677,106.660925,32.7,0.27281
1,2025-03-03 15:42:00,-6.218269,106.663778,38.2,0.31861
1,2025-03-03 15:42:30,-6.217895,106.6663,33.8,0.28197
1,2025-03-03 15:43:00,-6.21728,106.668519,30.5,0.25457
1,2025-03-03 15:43:30,-6.216569,106.671082,35.3,0.29412
1,2025-03-03 15:44:00,-6.215867,106.673613,34.9,0.29047
1,2025-03-03 15:44:30,-6.21518,106.67609,34.1,0.28434
1,2025-03-03 15:45:00,-6.214568,106.678296,30.4,0.25316
1,2025-03-03 15:45:30,-6.213815,106.681011,37.4,0.31162
1,2025-03-03 15:46:00,-6.213029,106.683847,39.1,0.32545
1,2025-03-03 15:46:30,-6.212376,106.686201,32.4,0.27016
1,2025-03-03 15:47:00,-6.211593,106.689025,38.9,0.32405
1,2025-03-03 15:47:30,-6.21099,106.691201,30.0,0.24968
1,2025-03-03 15:48:00,-6.210386,106.693366,29.8,0.24865
1,2025-03-03 15:48:30,-6.20923,106.695996,38.2,0.31864
1,2025-03-03 15:49:00,-6.207861,106.698367,36.4,0.30313
1,2025-03-03 15:49:30,-6.206458,106.700251,31.3,0.26051
1,2025-03-03 15:50:00,-6.204768,106.702424,36.6,0.30494
1,2025-03-03 15:50:30,-6.203432,106.704141,28.9,0.24108
1,2025-03-03 15:51:00,-6.2019,106.706109,33.2,0.27627
1,2025-03-03 15:51:30,-6.200558,106.707834,29.1,0.24209
1,2025-03-03 15:52:00,-6.199195,106.709587,29.5,0.24607
1,2025-03-03 15:52:30,-6.197804,106.711374,30.1,0.25094
1,2025-03-03 15:53:00,-6.196325,106.713275,32.0,0.26684
1,2025-03-03 15:53:30,-6.194825,106.715202,32.5,0.27053
1,2025-03-03 15:54:00,-6.193149,106.717357,36.3,0.30243
1,2025-03-03 15:54:30,-6.19195,106.719562,33.5,0.27901
1,2025-03-03 15:55:00,-6.190937,106.722305,39.0,0.32466
1,2025-03-03 15:55:30,-6.190524,106.725212,39.1,0.32607
1,2025-03-03 15:56:00,-6.19081,106.727504,30.6,0.25528
1,2025-03-03 15:56:30,-6.190077,106.729653,31.6,0.26365
1,2025-03-03 15:57:00,-6.187984,106.730334,31.0,0.25818
1,2025-03-03 15:57:30,-6.185237,106.729929,37.1,0.3089
1,2025-03-03 15:58:00,-6.182722,106.729325,34.5,0.28744
1,2025-03-03 15:58:30,-6.180244,106.72873,34.0,0.28327
1,2025-03-03 15:59:00,-6.177787,106.72824,33.5,0.27907
1,2025-03-03 15:59:30,-6.174961,106.727977,37.9,0.31557
1,2025-03-03 16:00:00,-6.172673,106.727764,30.7,0.2556
1,2025-03-03 16:00:30,-6.170905,106.727599,23.7,0.19741
1,2025-03-03 16:01:00,-6.168788,106.727402,28.4,0.23637
1,2025-03-03 16:01:30,-6.167087,106.727244,22.8,0.18997
1,2025-03-03 16:02:00,-6.165122,106.727119,26.3,0.21911
1,2025-03-03 16:02:30,-6.162844,106.727063,30.4,0.25329
1,2025-03-03 16:03:00,-6.160873,106.727014,26.3,0.21924
1,2025-03-03 16:03:30,-6.158939,106.726966,25.8,0.21519
1,2025-03-03 16:04:00,-6.156739,106.727099,29.5,0.24547
1,2025-03-03 16:04:30,-6.155047,106.727273,22.7,0.18916
1,2025-03-03 16:05:00,-6.152952,106.727281,28.0,0.23306
1,2025-03-03 16:05:30,-6.150631,106.727294,31.0,0.2583
1,2025-03-03 16:06:00,-6.148774,106.727685,25.3,0.21089
1,2025-03-03 16:06:30,-6.147119,106.728033,22.6,0.1881
1,2025-03-03 16:07:00,-6.145087,106.728461,27.7,0.23085
1,2025-03-03 16:07:30,-6.143263,106.728845,24.9,0.20722
1,2025-03-03 16:08:00,-6.141399,106.729237,25.4,0.21171
1,2025-03-03 16:08:30,-6.139513,106.729634,25.7,0.21424
1,2025-03-03 16:09:00,-6.137358,106.729756,28.8,0.24018
1,2025-03-03 16:09:30,-6.135264,106.729848,28.0,0.23314
1,2025-03-03 16:10:00,-6.133348,106.729932,25.6,0.21321
1,2025-03-03 16:10:30,-6.131154,106.729888,29.3,0.24415
1,2025-03-03 16:11:00,-6.128954,106.729799,29.4,0.24482
1,2025-03-03 16:11:30,-6.128954,106.729799,0.0,0.0
1,2025-03-03 16:12:00,-6.128954,106.729799,0.0,0.0
1,2025-03-03 16:12:30,-6.128954,106.729799,0.0,0.0
1,2025-03-03 16:13:00,-6.128954,106.729799,0.0,0.0
1,2025-03-03 16:13:30,-6.126987,106.729728,26.3,0.21896
1,2025-03-03 16:14:00,-6.125105,106.729883,25.2,0.21002
1,2025-03-03 16:14:30,-6.123458,106.730333,22.9,0.19096
1,2025-03-03 16:15:00,-6.121768,106.731158,25.1,0.20931
1,2025-03-03 16:15:30,-6.120066,106.732071,25.7,0.21452
1,2025-03-03 16:16:00,-6.117973,106.732679,30.1,0.25064
1,2025-03-03 16:16:30,-6.11623,106.732983,24.0,0.2
1,2025-03-03 16:17:00,-6.116144,106.734511,23.8,0.19849
1,2025-03-03 16:17:30,-6.117476,106.735697,23.7,0.19791
1,2025-03-03 16:18:00,-6.118824,106.737295,27.8,0.23169
1,2025-03-03 16:18:30,-6.11975,106.73944,31.1,0.25883
1,2025-03-03 16:19:00,-6.120552,106.741332,27.3,0.2274
1,2025-03-03 16:19:30,-6.121328,106.743161,26.4,0.21984
1,2025-03-03 16:20:00,-6.122056,106.744879,24.8,0.20641
1,2025-03-03 16:20:30,-6.122181,106.746636,23.5,0.19589
1,2025-03-03 16:21:00,-6.122256,106.748683,27.2,0.22648
1,2025-03-03 16:21:30,-6.122331,106.750725,27.1,0.22589
1,2025-03-03 16:22:00,-6.122416,106.753042,30.8,0.25639
1,2025-03-03 16:22:30,-6.122502,106.75538,31.0,0.25864
1,2025-03-03 16:23:00,-6.122575,106.757364,26.3,0.21952
1,2025-03-03 16:23:30,-6.122575,106.759578,29.4,0.24515
1,2025-03-03 16:24:00,-6.122414,106.761457,25.0,0.20849
1,2025-03-03 16:24:30,-6.122247,106.763393,25.8,0.21488
1,2025-03-03 16:25:00,-6.122081,106.76533,25.8,0.21494
1,2025-03-03 16:25:30,-6.121854,106.767292,26.2,0.21856
1,2025-03-03 16:26:00,-6.121556,106.768986,22.8,0.19022
1,2025-03-03 16:26:30,-6.121556,106.771319,31.1,0.25878
1,2025-03-03 16:27:00,-6.121631,106.773273,25.9,0.21618
1,2025-03-03 16:27:30,-6.122331,106.775143,27.2,0.22632
1,2025-03-03 16:28:00,-6.124146,106.776326,29.1,0.24282
1,2025-03-03 16:28:30,-6.125803,106.777314,25.7,0.21422
1,2025-03-03 16:29:00,-6.127554,106.778897,31.5,0.26236
1,2025-03-03 16:29:30,-6.129163,106.780547,30.7,0.25608
1,2025-03-03 16:30:00,-6.130267,106.782103,25.5,0.21243
1,2025-03-03 16:30:30,-6.131061,106.784079,28.3,0.2356
1,2025-03-03 16:31:00,-6.131472,106.785721,22.6,0.18861
1,2025-03-03 16:31:30,-6.131727,106.787527,24.2,0.20163
1,2025-03-03 16:32:00,-6.131972,106.789256,23.2,0.1931
1,2025-03-03 16:32:30,-6.13228,106.791439,29.3,0.24378
1,2025-03-03 16:33:00,-6.132328,106.793651,29.5,0.24554
1,2025-03-03 16:33:30,-6.132242,106.79581,28.7,0.23883
1,2025-03-03 16:34:00,-6.132166,106.797689,25.0,0.20794
1,2025-03-03 16:34:30,-6.13209,106.799574,25.0,0.20863
1,2025-03-03 16:35:00,-6.132006,106.801659,27.7,0.23066
1,2025-03-03 16:35:30,-6.13173,106.803838,29.2,0.24319
1,2025-03-03 16:36:00,-6.131399,106.805847,27.0,0.22524
1,2025-03-03 16:36:30,-6.130951,106.807626,24.3,0.2029
1,2025-03-03 16:37:00,-6.130488,106.809465,25.2,0.2097
1,2025-03-03 16:37:30,-6.130067,106.811137,22.9,0.19067
1,2025-03-03 16:38:00,-6.12965,106.812794,22.7,0.18898
1,2025-03-03 16:38:30,-6.129728,106.815124,31.3,0.2609
1,2025-03-03 16:39:00,-6.130562,106.816899,26.3,0.21903
1,2025-03-03 16:39:30,-6.131503,106.818649,26.5,0.22095
1,2025-03-03 16:40:00,-6.131732,106.820369,23.5,0.19621
1,2025-03-03 16:40:30,-6.131411,106.822232,25.1,0.20905
1,2025-03-03 16:41:00,-6.13101,106.824558,31.3,0.26101
1,2025-03-03 16:41:30,-6.130646,106.826671,28.5,0.23709
1,2025-03-03 16:42:00,-6.130366,106.828766,28.1,0.23394
1,2025-03-03 16:42:30,-6.13023,106.83048,22.8,0.19007
1,2025-03-03 16:43:00,-6.130091,106.832179,22.6,0.18855
1,2025-03-03 16:43:30,-6.129742,106.83412,26.2,0.21808
1,2025-03-03 16:44:00,-6.129324,106.836452,31.4,0.26198
1,2025-03-03 16:44:30,-6.128989,106.838318,25.2,0.2096
1,2025-03-03 16:45:00,-6.128551,106.840313,27.1,0.22624
1,2025-03-03 16:45:30,-6.127908,106.842531,30.6,0.25542
1,2025-03-03 16:46:00,-6.127352,106.844786,30.8,0.25703
1,2025-03-03 16:46:30,-6.12697,106.846516,23.5,0.19583
1,2025-03-03 16:47:00,-6.126539,106.848465,26.5,0.22083
1,2025-03-03 16:47:30,-6.12609,106.850338,25.6,0.21309
1,2025-03-03 16:48:00,-6.125522,106.852229,26.2,0.21844
1,2025-03-03 16:48:30,-6.124646,106.854256,29.3,0.24454
1,2025-03-03 16:49:00,-6.123834,106.856072,26.4,0.22011
1,2025-03-03 16:49:30,-6.122982,106.857979,27.7,0.23119
1,2025-03-03 16:50:00,-6.122271,106.860172,30.7,0.25609
1,2025-03-03 16:50:30,-6.122204,106.861961,24.3,0.20256
1,2025-03-03 16:51:00,-6.122582,106.863852,25.6,0.21322
1,2025-03-03 16:51:30,-6.123029,106.866087,30.3,0.25215
1,2025-03-03 16:52:00,-6.123415,106.868018,26.1,0.21774
1,2025-03-03 16:52:30,-6.12386,106.870244,30.1,0.25103
1,2025-03-03 16:53:00,-6.124197,106.871927,22.8,0.18975
1,2025-03-03 16:53:30,-6.124605,106.873968,27.6,0.23015
1,2025-03-03 16:54:00,-6.125014,106.876013,27.7,0.23073
1,2025-03-03 16:54:30,-6.125372,106.877804,24.2,0.20193
1,2025-03-03 16:55:00,-6.125803,106.879961,29.2,0.2433
1,2025-03-03 16:55:30,-6.126247,106.882183,30.1,0.25048
1,2025-03-03 16:56:00,-6.126247,106.882183,0.0,0.0
1,2025-03-03 16:56:30,-6.126247,106.882183,0.0,0.0
1,2025-03-03 16:57:00,-6.126247,106.882183,0.0,0.0
1,2025-03-03 16:57:30,-6.126247,106.882183,0.0,0.0
1,2025-03-03 16:58:00,-6.126247,106.882183,0.0,0.0
1,2025-03-03 16:58:30,-6.126247,106.882183,0.0,0.0
1,2025-03-03 16:59:00,-6.126247,106.882183,0.0,0.0
1,2025-03-03 16:59:30,-6.126247,106.882183,0.0,0.0
1,2025-03-03 17:00:00,-6.126247,106.882183,0.0,0.0
1,2025-03-03 17:00:30,-6.126247,106.882183,0.0,0.0
1,2025-03-03 17:01:00,-6.126247,106.882183,0.0,0.0
1,2025-03-03 17:01:30,-6.126247,106.882183,0.0,0.0
1,2025-03-03 17:02:00,-6.126247,106.882183,0.0,0.0
1,2025-03-03 17:02:30,-6.126247,106.882183,0.0,0.0
1,2025-03-03 17:03:00,-6.126247,106.882183,0.0,0.0
1,2025-03-03 17:03:30,-6.126247,106.882183,0.0,0.0
1,2025-03-03 17:04:00,-6.126247,106.882183,0.0,0.0
1,2025-03-03 17:04:30,-6.126247,106.882183,0.0,0.0
1,2025-03-03 17:05:00,-6.126247,106.882183,0.0,0.0
1,2025-03-03 17:05:30,-6.126247,106.882183,0.0,0.0
1,2025-03-03 17:06:00,-6.126247,106.882183,0.0,0.0
1,2025-03-03 17:06:30,-6.126247,106.882183,0.0,0.0
1,2025-03-03 17:07:00,-6.126247,106.882183,0.0,0.0
1,2025-03-03 17:07:30,-6.126247,106.882183,0.0,0.0
1,2025-03-03 17:08:00,-6.126247,106.882183,0.0,0.0
1,2025-03-03 17:08:30,-6.126247,106.882183,0.0,0.0
1,2025-03-03 17:09:00,-6.126247,106.882183,0.0,0.0
1,2025-03-03 17:09:30,-6.126247,106.882183,0.0,0.0
1,2025-03-03 17:10:00,-6.126247,106.882183,0.0,0.0
1,2025-03-03 17:10:30,-6.126247,106.882183,0.0,0.0
1,2025-03-03 17:11:00,-6.126247,106.882183,0.0,0.0
1,2025-03-03 17:11:30,-6.126247,106.882183,0.0,0.0
1,2025-03-03 17:12:00,-6.126247,106.882183,0.0,0.0
1,2025-03-03 17:12:30,-6.126247,106.882183,0.0,0.0
1,2025-03-03 17:13:00,-6.126247,106.882183,0.0,0.0
1,2025-03-03 17:13:30,-6.126247,106.882183,0.0,0.0
1,2025-03-03 17:14:00,-6.126247,106.882183,0.0,0.0
1,2025-03-03 17:14:30,-6.126247,106.882183,0.0,0.0
1,2025-03-03 17:15:00,-6.126247,106.882183,0.0,0.0
1,2025-03-03 17:15:30,-6.126247,106.882183,0.0,0.0
1,2025-03-03 17:16:00,-6.126735,106.883774,22.2,0.18482
1,2025-03-03 17:16:30,-6.127387,106.885436,23.7,0.19753
1,2025-03-03 17:17:00,-6.128231,106.887083,24.7,0.20583
1,2025-03-03 17:17:30,-6.129231,106.888639,24.6,0.20484
1,2025-03-03 17:18:00,-6.130268,106.890252,25.5,0.21238
1,2025-03-03 17:18:30,-6.131052,106.891823,23.7,0.19708
1,2025-03-03 17:19:00,-6.130794,106.893067,19.5,0.16286
1,2025-03-03 17:19:30,-6.129335,106.893551,21.0,0.17541
1,2025-03-03 17:20:00,-6.127813,106.893486,20.3,0.16944
1,2025-03-03 17:20:30,-6.126453,106.893429,18.2,0.15131
1,2025-03-03 17:21:00,-6.124564,106.893349,25.2,0.21025
1,2025-03-03 17:21:30,-6.123174,106.89329,18.6,0.15475
1,2025-03-03 17:22:00,-6.121683,106.893227,19.9,0.16593
1,2025-03-03 17:22:30,-6.120082,106.89316,21.4,0.17818
1,2025-03-03 17:23:00,-6.118182,106.893079,25.4,0.2115
1,2025-03-03 17:23:30,-6.116911,106.89326,21.5,0.17937
1,2025-03-03 17:24:00,-6.118429,106.893422,20.9,0.17382
1,2025-03-03 17:24:30,-6.120143,106.893538,22.9,0.19106
1,2025-03-03 17:25:00,-6.121596,106.893637,19.4,0.16191
1,2025-03-03 17:25:30,-6.123362,106.893767,23.9,0.19875
1,2025-03-03 17:26:00,-6.122917,106.893887,25.3,0.211
2,2025-03-03 20:06:00,-5.999488,106.022506,45.4,0.37798
2,2025-03-03 20:06:30,-5.99597,106.022512,46.9,0.39118
2,2025-03-03 20:07:00,-5.995688,106.025914,46.7,0.38915
2,2025-03-03 20:07:30,-5.993616,106.028498,48.1,0.401
2,2025-03-03 20:08:00,-5.990609,106.030664,49.4,0.41134
2,2025-03-03 20:08:30,-5.987686,106.032159,44.6,0.37138
2,2025-03-03 20:09:00,-5.984111,106.031784,50.8,0.42366
2,2025-03-03 20:09:30,-5.984157,106.033845,38.9,0.32441
2,2025-03-03 20:10:00,-5.986254,106.036186,41.8,0.34837
2,2025-03-03 20:10:30,-5.988237,106.03879,43.6,0.36337
2,2025-03-03 20:11:00,-5.989809,106.041922,47.4,0.39475
2,2025-03-03 20:11:30,-5.989915,106.044954,40.8,0.33972
2,2025-03-03 20:12:00,-5.98983,106.048191,43.1,0.35929
2,2025-03-03 20:12:30,-5.9911,106.050982,41.0,0.342
2,2025-03-03 20:13:00,-5.993546,106.053601,47.7,0.39726
2,2025-03-03 20:13:30,-5.99597,106.056195,47.2,0.39363
2,2025-03-03 20:14:00,-5.9984,106.058797,47.4,0.39473
2,2025-03-03 20:14:30,-6.000847,106.061415,47.7,0.39737
2,2025-03-03 20:15:00,-6.003478,106.06423,51.3,0.42714
2,2025-03-03 20:15:30,-6.005276,106.066501,38.5,0.3211
2,2025-03-03 20:16:00,-6.007568,106.069686,52.2,0.43536
2,2025-03-03 20:16:30,-6.009036,106.072102,37.6,0.3131
2,2025-03-03 20:17:00,-6.010591,106.075045,44.3,0.36895
2,2025-03-03 20:17:30,-6.011855,106.077684,38.9,0.32397
2,2025-03-03 20:18:00,-6.013328,106.080756,45.3,0.37716
2,2025-03-03 20:18:30,-6.014783,106.083532,41.7,0.34747
2,2025-03-03 20:19:00,-6.016303,106.085898,37.4,0.31149
2,2025-03-03 20:19:30,-6.018334,106.088591,44.9,0.37452
2,2025-03-03 20:20:00,-6.020936,106.091555,52.5,0.4377
2,2025-03-03 20:20:30,-6.023623,106.094027,48.6,0.40501
2,2025-03-03 20:21:00,-6.026011,106.096225,43.2,0.3599
2,2025-03-03 20:21:30,-6.029302,106.098321,52.0,0.43322
2,2025-03-03 20:22:00,-6.031669,106.099826,37.4,0.31145
2,2025-03-03 20:22:30,-6.034847,106.101847,50.2,0.41808
2,2025-03-03 20:23:00,-6.037785,106.103715,46.4,0.38649
2,2025-03-03 20:23:30,-6.040518,106.105899,46.7,0.38876
2,2025-03-03 20:24:00,-6.043185,106.108492,49.5,0.41243
2,2025-03-03 20:24:30,-6.045481,106.110992,45.2,0.37665
2,2025-03-03 20:25:00,-6.04803,106.113962,52.1,0.43384
2,2025-03-03 20:25:30,-6.050515,106.116337,45.9,0.38243
2,2025-03-03 20:26:00,-6.052778,106.118227,39.3,0.3272
2,2025-03-03 20:26:30,-6.0559,106.120324,50.2,0.41813
2,2025-03-03 20:27:00,-6.058546,106.121867,40.8,0.34027
2,2025-03-03 20:27:30,-6.061641,106.123506,46.7,0.389
2,2025-03-03 20:28:00,-6.064244,106.124884,39.3,0.32716
2,2025-03-03 20:28:30,-6.067546,106.126632,49.8,0.41486
2,2025-03-03 20:29:00,-6.07078,106.128345,48.8,0.40648
2,2025-03-03 20:29:30,-6.073672,106.129876,43.6,0.36335
2,2025-03-03 20:30:00,-6.07702,106.131649,50.5,0.42082
2,2025-03-03 20:30:30,-6.07988,106.133164,43.1,0.35934
2,2025-03-03 20:31:00,-6.083173,106.135136,51.3,0.42734
2,2025-03-03 20:31:30,-6.085688,106.137977,51.1,0.42556
2,2025-03-03 20:32:00,-6.086783,106.140639,38.2,0.31864
2,2025-03-03 20:32:30,-6.087791,106.143562,41.0,0.34199
2,2025-03-03 20:33:00,-6.088712,106.146231,37.5,0.31243
2,2025-03-03 20:33:30,-6.089701,106.149096,40.2,0.33528
2,2025-03-03 20:34:00,-6.090701,106.151995,40.7,0.33926
2,2025-03-03 20:34:30,-6.091903,106.155478,48.9,0.40762
2,2025-03-03 20:35:00,-6.093188,106.159203,52.3,0.43598
2,2025-03-03 20:35:30,-6.094397,106.162409,45.5,0.37941
2,2025-03-03 20:36:00,-6.096001,106.165704,48.7,0.40582
2,2025-03-03 20:36:30,-6.098193,106.168973,52.3,0.43618
2,2025-03-03 20:37:00,-6.100391,106.17166,46.3,0.38573
2,2025-03-03 20:37:30,-6.102595,106.174015,42.9,0.35767
2,2025-03-03 20:38:00,-6.104828,106.176147,41.1,0.34232
2,2025-03-03 20:38:30,-6.107055,106.178272,41.0,0.34139
2,2025-03-03 20:39:00,-6.109316,106.180429,41.6,0.34651
2,2025-03-03 20:39:30,-6.112075,106.183063,50.8,0.42295
2,2025-03-03 20:40:00,-6.114478,106.185356,44.2,0.36835
2,2025-03-03 20:40:30,-6.116973,106.187506,43.9,0.36561
2,2025-03-03 20:41:00,-6.119625,106.189072,41.1,0.34271
2,2025-03-03 20:41:30,-6.122525,106.19034,42.2,0.35165
2,2025-03-03 20:42:00,-6.125552,106.191715,44.4,0.36999
2,2025-03-03 20:42:30,-6.127723,106.193787,40.2,0.3347
2,2025-03-03 20:43:00,-6.129433,106.197207,51.1,0.42583
2,2025-03-03 20:43:30,-6.130435,106.199834,37.3,0.31116
2,2025-03-03 20:44:00,-6.131599,106.2031,46.0,0.38358
2,2025-03-03 20:44:30,-6.132663,106.20609,42.1,0.35106
2,2025-03-03 20:45:00,-6.133845,106.209407,46.8,0.3896
2,2025-03-03 20:45:30,-6.134817,106.212138,38.5,0.32066
2,2025-03-03 20:46:00,-6.136017,106.215505,47.5,0.39549
2,2025-03-03 20:46:30,-6.137271,106.219026,49.6,0.41352
2,2025-03-03 20:47:00,-6.138048,106.222518,47.7,0.39753
2,2025-03-03 20:47:30,-6.138215,106.225666,41.8,0.34851
2,2025-03-03 20:48:00,-6.138294,106.228888,42.8,0.35636
2,2025-03-03 20:48:30,-6.138354,106.23242,46.9,0.39054
2,2025-03-03 20:49:00,-6.138404,106.235326,38.6,0.32132
2,2025-03-03 20:49:30,-6.138469,106.239102,50.1,0.41754
2,2025-03-03 20:50:00,-6.138518,106.242007,38.5,0.32123
2,2025-03-03 20:50:30,-6.138584,106.24584,50.9,0.42389
2,2025-03-03 20:51:00,-6.138635,106.248804,39.3,0.32775
2,2025-03-03 20:51:30,-6.138686,106.251802,39.8,0.33141
2,2025-03-03 20:52:00,-6.138745,106.255264,45.9,0.38281
2,2025-03-03 20:52:30,-6.1388,106.258485,42.7,0.35619
2,2025-03-03 20:53:00,-6.139326,106.261926,46.3,0.38582
2,2025-03-03 20:53:30,-6.1402,106.265637,50.7,0.42233
2,2025-03-03 20:54:00,-6.141242,106.268995,46.7,0.38885
2,2025-03-03 20:54:30,-6.142264,106.272287,45.8,0.38127
2,2025-03-03 20:55:00,-6.143035,106.275164,39.6,0.32966
2,2025-03-03 20:55:30,-6.14346,106.278359,42.8,0.35696
2,2025-03-03 20:56:00,-6.143224,106.282111,49.9,0.41568
2,2025-03-03 20:56:30,-6.142334,106.285301,44.7,0.37243
2,2025-03-03 20:57:00,-6.140116,106.287981,49.5,0.41254
2,2025-03-03 20:57:30,-6.139853,106.290836,38.1,0.31787
2,2025-03-03 20:58:00,-6.138586,106.293655,41.3,0.34438
2,2025-03-03 20:58:30,-6.137027,106.296538,43.5,0.3629
2,2025-03-03 20:59:00,-6.136186,106.299333,42.3,0.35289
2,2025-03-03 20:59:30,-6.137806,106.302145,43.1,0.35925
2,2025-03-03 21:00:00,-6.140316,106.305283,56.6,0.47159
2,2025-03-03 21:00:30,-6.143994,106.307255,55.6,0.4634
2,2025-03-03 21:01:00,-6.147579,106.309176,54.2,0.45172
2,2025-03-03 21:01:30,-6.15055,106.311505,50.4,0.41982
2,2025-03-03 21:02:00,-6.153209,106.314067,50.8,0.42366
2,2025-03-03 21:02:30,-6.154938,106.317321,49.1,0.40898
2,2025-03-03 21:03:00,-6.158088,106.319685,53.1,0.44225
2,2025-03-03 21:03:30,-6.160691,106.32299,56.8,0.47369
2,2025-03-03 21:04:00,-6.162319,106.326358,50.7,0.42235
2,2025-03-03 21:04:30,-6.164698,106.329034,48.1,0.40098
2,2025-03-03 21:05:00,-6.167055,106.331427,44.7,0.3727
2,2025-03-03 21:05:30,-6.169976,106.3342,54.3,0.45264
2,2025-03-03 21:06:00,-6.173473,106.336279,54.3,0.45236
2,2025-03-03 21:06:30,-6.176485,106.338273,48.2,0.40136
2,2025-03-03 21:07:00,-6.179946,106.339741,50.3,0.41879
2,2025-03-03 21:07:30,-6.183939,106.340973,55.7,0.46442
2,2025-03-03 21:08:00,-6.187468,106.342528,51.6,0.42997
2,2025-03-03 21:08:30,-6.190759,106.34388,47.4,0.39531
2,2025-03-03 21:09:00,-6.19388,106.345666,48.4,0.40336
2,2025-03-03 21:09:30,-6.196943,106.347353,46.6,0.3887
2,2025-03-03 21:10:00,-6.200578,106.348726,51.8,0.43197
2,2025-03-03 21:10:30,-6.203652,106.349869,43.7,0.36457
2,2025-03-03 21:11:00,-6.20664,106.352408,52.4,0.43666
2,2025-03-03 21:11:30,-6.207717,106.355797,47.8,0.39826
2,2025-03-03 21:12:00,-6.207754,106.359827,53.6,0.44626
2,2025-03-03 21:12:30,-6.205815,106.363714,58.5,0.48785
2,2025-03-03 21:13:00,-6.205693,106.368001,59.8,0.4987
2,2025-03-03 21:13:30,-6.20598,106.371883,57.8,0.48189
2,2025-03-03 21:14:00,-6.207416,106.375339,54.2,0.45183
2,2025-03-03 21:14:30,-6.209741,106.377769,45.2,0.37707
2,2025-03-03 21:15:00,-6.209089,106.382061,59.1,0.49262
2,2025-03-03 21:15:30,-6.207612,106.38524,51.6,0.42996
2,2025-03-03 21:16:00,-6.209403,106.388006,44.4,0.36962
2,2025-03-03 21:16:30,-6.211718,106.391873,60.7,0.50606
2,2025-03-03 21:17:00,-6.213796,106.395035,50.7,0.42234
2,2025-03-03 21:17:30,-6.214174,106.398772,50.8,0.42304
2,2025-03-03 21:18:00,-6.215677,106.403015,61.3,0.5111
2,2025-03-03 21:18:30,-6.215866,106.406481,46.1,0.3839
2,2025-03-03 21:19:00,-6.216842,106.409905,47.2,0.3937
2,2025-03-03 21:19:30,-6.217875,106.41353,50.0,0.41685
2,2025-03-03 21:20:00,-6.218684,106.416988,47.2,0.39306
2,2025-03-03 21:20:30,-6.221237,106.420372,58.3,0.48542
2,2025-03-03 21:21:00,-6.224658,106.422952,57.1,0.47548
2,2025-03-03 21:21:30,-6.22685,106.426516,57.2,0.47665
2,2025-03-03 21:22:00,-6.228634,106.430715,60.6,0.50482
2,2025-03-03 21:22:30,-6.227351,106.434295,52.8,0.43986
2,2025-03-03 21:23:00,-6.224472,106.4367,50.4,0.42015
2,2025-03-03 21:23:30,-6.220888,106.439304,59.0,0.49159
2,2025-03-03 21:24:00,-6.217428,106.441819,57.0,0.47467
2,2025-03-03 21:24:30,-6.214266,106.444873,58.6,0.48792
2,2025-03-03 21:25:00,-6.214266,106.444873,0.0,0.0
2,2025-03-03 21:25:30,-6.214266,106.444873,0.0,0.0
2,2025-03-03 21:26:00,-6.214266,106.444873,0.0,0.0
2,2025-03-03 21:26:30,-6.214266,106.444873,0.0,0.0
2,2025-03-03 21:27:00,-6.214266,106.444873,0.0,0.0
2,2025-03-03 21:27:30,-6.214266,106.444873,0.0,0.0
2,2025-03-03 21:28:00,-6.214266,106.444873,0.0,0.0
2,2025-03-03 21:28:30,-6.214266,106.444873,0.0,0.0
2,2025-03-03 21:29:00,-6.214266,106.444873,0.0,0.0
2,2025-03-03 21:29:30,-6.214266,106.444873,0.0,0.0
2,2025-03-03 21:30:00,-6.214266,106.444873,0.0,0.0
2,2025-03-03 21:30:30,-6.214266,106.444873,0.0,0.0
2,2025-03-03 21:31:00,-6.214266,106.444873,0.0,0.0
2,2025-03-03 21:31:30,-6.214266,106.444873,0.0,0.0
2,2025-03-03 21:32:00,-6.214266,106.444873,0.0,0.0
2,2025-03-03 21:32:30,-6.214266,106.444873,0.0,0.0
2,2025-03-03 21:33:00,-6.214266,106.444873,0.0,0.0
2,2025-03-03 21:33:30,-6.214266,106.444873,0.0,0.0
2,2025-03-03 21:34:00,-6.214266,106.444873,0.0,0.0
2,2025-03-03 21:34:30,-6.214266,106.444873,0.0,0.0
2,2025-03-03 21:35:00,-6.214266,106.444873,0.0,0.0
2,2025-03-03 21:35:30,-6.214266,106.444873,0.0,0.0
2,2025-03-03 21:36:00,-6.214266,106.444873,0.0,0.0
2,2025-03-03 21:36:30,-6.214266,106.444873,0.0,0.0
2,2025-03-03 21:37:00,-6.214266,106.444873,0.0,0.0
2,2025-03-03 21:37:30,-6.214266,106.444873,0.0,0.0
2,2025-03-03 21:38:00,-6.214266,106.444873,0.0,0.0
2,2025-03-03 21:38:30,-6.214266,106.444873,0.0,0.0
2,2025-03-03 21:39:00,-6.214266,106.444873,0.0,0.0
2,2025-03-03 21:39:30,-6.214266,106.444873,0.0,0.0
2,2025-03-03 21:40:00,-6.214266,106.444873,0.0,0.0
2,2025-03-03 21:40:30,-6.214266,106.444873,0.0,0.0
2,2025-03-03 21:41:00,-6.214266,106.444873,0.0,0.0
2,2025-03-03 21:41:30,-6.214266,106.444873,0.0,0.0
2,2025-03-03 21:42:00,-6.214266,106.444873,0.0,0.0
2,2025-03-03 21:42:30,-6.214266,106.444873,0.0,0.0
2,2025-03-03 21:43:00,-6.214266,106.444873,0.0,0.0
2,2025-03-03 21:43:30,-6.214266,106.444873,0.0,0.0
2,2025-03-03 21:44:00,-6.214266,106.444873,0.0,0.0
2,2025-03-03 21:44:30,-6.214266,106.444873,0.0,0.0
2,2025-03-03 21:45:00,-6.214266,106.444873,0.0,0.0
2,2025-03-03 21:45:30,-6.214266,106.444873,0.0,0.0
2,2025-03-03 21:46:00,-6.214266,106.444873,0.0,0.0
2,2025-03-03 21:46:30,-6.214266,106.444873,0.0,0.0
2,2025-03-03 21:47:00,-6.214266,106.444873,0.0,0.0
2,2025-03-03 21:47:30,-6.214266,106.444873,0.0,0.0
2,2025-03-03 21:48:00,-6.214266,106.444873,0.0,0.0
2,2025-03-03 21:48:30,-6.214266,106.444873,0.0,0.0
2,2025-03-03 21:49:00,-6.214266,106.444873,0.0,0.0
2,2025-03-03 21:49:30,-6.214266,106.444873,0.0,0.0
2,2025-03-03 21:50:00,-6.214266,106.444873,0.0,0.0
2,2025-03-03 21:50:30,-6.214266,106.444873,0.0,0.0
2,2025-03-03 21:51:00,-6.214266,106.444873,0.0,0.0
2,2025-03-03 21:51:30,-6.214266,106.444873,0.0,0.0
2,2025-03-03 21:52:00,-6.214266,106.444873,0.0,0.0
2,2025-03-03 21:52:30,-6.214266,106.444873,0.0,0.0
2,2025-03-03 21:53:00,-6.214266,106.444873,0.0,0.0
2,2025-03-03 21:53:30,-6.214266,106.444873,0.0,0.0
2,2025-03-03 21:54:00,-6.214266,106.444873,0.0,0.0
2,2025-03-03 21:54:30,-6.214266,106.444873,0.0,0.0
2,2025-03-03 21:55:00,-6.211063,106.447298,53.5,0.44588
2,2025-03-03 21:55:30,-6.20816,106.449471,48.3,0.40235
2,2025-03-03 21:56:00,-6.205225,106.45167,48.8,0.40697
2,2025-03-03 21:56:30,-6.202187,106.453944,50.5,0.42103
2,2025-03-03 21:57:00,-6.198909,106.4564,54.5,0.45447
2,2025-03-03 21:57:30,-6.197785,106.459248,60.6,0.5049
2,2025-03-03 21:58:00,-6.202107,106.458926,58.7,0.4894
2,2025-03-03 21:58:30,-6.204645,106.462454,59.4,0.49488
2,2025-03-03 21:59:00,-6.20555,106.46565,44.1,0.36762
2,2025-03-03 21:59:30,-6.205978,106.469809,55.7,0.46434
2,2025-03-03 22:00:00,-6.205339,106.473972,56.2,0.46802
2,2025-03-03 22:00:30,-6.203936,106.477724,53.3,0.4439
2,2025-03-03 22:01:00,-6.202212,106.481181,51.3,0.42747
2,2025-03-03 22:01:30,-6.200691,106.485067,55.6,0.46323
2,2025-03-03 22:02:00,-6.200027,106.489068,54.3,0.45216
2,2025-03-03 22:02:30,-6.200174,106.49325,55.7,0.46399
2,2025-03-03 22:03:00,-6.201054,106.497376,56.0,0.46665
2,2025-03-03 22:03:30,-6.202106,106.502221,65.8,0.54823
2,2025-03-03 22:04:00,-6.203053,106.506583,59.2,0.49351
2,2025-03-03 22:04:30,-6.204117,106.511483,66.5,0.55441
2,2025-03-03 22:05:00,-6.204882,106.515387,52.8,0.44035
2,2025-03-03 22:05:30,-6.205228,106.51935,52.8,0.43989
2,2025-03-03 22:06:00,-6.205373,106.523923,60.7,0.50575
2,2025-03-03 22:06:30,-6.205516,106.528433,59.9,0.49882
2,2025-03-03 22:07:00,-6.205972,106.533498,67.6,0.56352
2,2025-03-03 22:07:30,-6.206787,106.538093,61.9,0.516
2,2025-03-03 22:08:00,-6.207547,106.542378,57.7,0.48114
2,2025-03-03 22:08:30,-6.209114,106.546243,55.7,0.46417
2,2025-03-03 22:09:00,-6.211952,106.549851,61.2,0.50989
2,2025-03-03 22:09:30,-6.214691,106.553296,58.6,0.48814
2,2025-03-03 22:10:00,-6.217372,106.557594,67.5,0.56212
2,2025-03-03 22:10:30,-6.219224,106.561935,62.8,0.52355
2,2025-03-03 22:11:00,-6.22057,106.566962,69.1,0.57605
2,2025-03-03 22:11:30,-6.221153,106.571017,54.4,0.45292
2,2025-03-03 22:12:00,-6.221599,106.575205,55.9,0.46577
2,2025-03-03 22:12:30,-6.222032,106.579945,63.1,0.52609
2,2025-03-03 22:13:00,-6.222389,106.583852,52.0,0.43374
2,2025-03-03 22:13:30,-6.222857,106.588969,68.2,0.56796
2,2025-03-03 22:14:00,-6.223291,106.593721,63.3,0.5275
2,2025-03-03 22:14:30,-6.223744,106.598676,66.0,0.55003
2,2025-03-03 22:15:00,-6.224129,106.602885,56.1,0.46725
2,2025-03-03 22:15:30,-6.224516,106.607119,56.4,0.46999
2,2025-03-03 22:16:00,-6.224953,106.611901,63.7,0.53088
2,2025-03-03 22:16:30,-6.224875,106.61684,65.7,0.54718
2,2025-03-03 22:17:00,-6.224305,106.621578,63.3,0.52782
2,2025-03-03 22:17:30,-6.223709,106.625744,55.8,0.46527
2,2025-03-03 22:18:00,-6.222994,106.63074,67.0,0.55797
2,2025-03-03 22:18:30,-6.222288,106.635675,66.1,0.55111
2,2025-03-03 22:19:00,-6.22162,106.640349,62.6,0.52195
2,2025-03-03 22:19:30,-6.220991,106.644743,58.9,0.4907
2,2025-03-03 22:20:00,-6.220257,106.649879,68.8,0.57362
2,2025-03-03 22:20:30,-6.219702,106.653761,52.0,0.43347
2,2025-03-03 22:21:00,-6.218957,106.658968,69.8,0.58154
2,2025-03-03 22:21:30,-6.218359,106.663145,56.0,0.46654
2,2025-03-03 22:22:00,-6.217639,106.667223,55.0,0.4585
2,2025-03-03 22:22:30,-6.216569,106.67108,53.1,0.4427
2,2025-03-03 22:23:00,-6.21552,106.674866,52.1,0.43442
2,2025-03-03 22:23:30,-6.214338,106.679126,58.7,0.48894
2,2025-03-03 22:24:00,-6.213077,106.683675,62.6,0.52203
2,2025-03-03 22:24:30,-6.211706,106.688618,68.1,0.56728
2,2025-03-03 22:25:00,-6.210459,106.693115,61.9,0.51605
2,2025-03-03 22:25:30,-6.208253,106.697688,67.7,0.56388
2,2025-03-03 22:26:00,-6.205389,106.701626,64.8,0.54032
2,2025-03-03 22:26:30,-6.202467,106.705381,63.3,0.52714
2,2025-03-03 22:27:00,-6.199708,106.708926,59.7,0.4977
2,2025-03-03 22:27:30,-6.196586,106.712939,67.6,0.56325
2,2025-03-03 22:28:00,-6.193395,106.717041,69.1,0.57582
2,2025-03-03 22:28:30,-6.191434,106.720641,54.7,0.45573
2,2025-03-03 22:29:00,-6.190541,106.72497,59.0,0.49143
2,2025-03-03 22:29:30,-6.190424,106.729285,58.3,0.48604
2,2025-03-03 22:30:00,-6.186012,106.73006,64.7,0.53941
2,2025-03-03 22:30:30,-6.181955,106.729141,55.5,0.46269
2,2025-03-03 22:31:00,-6.177943,106.728255,54.9,0.45723
2,2025-03-03 22:31:30,-6.173526,106.727843,59.2,0.49327
2,2025-03-03 22:32:00,-6.168766,106.7274,63.8,0.5315
2,2025-03-03 22:32:30,-6.163615,106.727082,68.9,0.57414
2,2025-03-03 22:33:00,-6.158731,106.726961,65.2,0.54323
2,2025-03-03 22:33:30,-6.154961,106.727282,50.5,0.42114
2,2025-03-03 22:34:00,-6.150886,106.727274,54.4,0.45316
2,2025-03-03 22:34:30,-6.146434,106.728177,60.6,0.50537
2,2025-03-03 22:35:00,-6.142258,106.729056,56.9,0.47441
2,2025-03-03 22:35:30,-6.137972,106.729729,58.1,0.48381
2,2025-03-03 22:36:00,-6.132973,106.729948,66.8,0.55633
2,2025-03-03 22:36:30,-6.128136,106.729765,64.6,0.53826
2,2025-03-03 22:37:00,-6.123355,106.730369,64.9,0.541
2,2025-03-03 22:37:30,-6.1198,106.732214,53.4,0.44525
2,2025-03-03 22:38:00,-6.115881,106.73428,69.2,0.57683
2,2025-03-03 22:38:30,-6.118695,106.737142,53.5,0.44613
2,2025-03-03 22:39:00,-6.120217,106.74054,49.6,0.41329
2,2025-03-03 22:39:30,-6.121945,106.744618,58.8,0.49012
2,2025-03-03 22:40:00,-6.122251,106.748548,52.7,0.4388
2,2025-03-03 22:40:30,-6.122394,106.752447,51.8,0.43131
2,2025-03-03 22:41:00,-6.122567,106.757158,62.5,0.52123
2,2025-03-03 22:41:30,-6.1224,106.761612,59.2,0.49369
2,2025-03-03 22:42:00,-6.122058,106.765593,53.0,0.44173
2,2025-03-03 22:42:30,-6.121522,106.770427,64.8,0.5397
2,2025-03-03 22:43:00,-6.122148,106.77481,59.9,0.49903
2,2025-03-03 22:43:30,-6.125479,106.777121,54.9,0.45732
2,2025-03-03 22:44:00,-6.129275,106.780692,69.7,0.58074
2,2025-03-03 22:44:30,-6.131286,106.784637,59.3,0.49426
2,2025-03-03 22:45:00,-6.132038,106.789728,68.3,0.56939
2,2025-03-03 22:45:30,-6.132322,106.793817,54.6,0.455
2,2025-03-03 22:46:00,-6.132118,106.798885,67.3,0.56073
2,2025-03-03 22:46:30,-6.131792,106.803454,60.9,0.5072
2,2025-03-03 22:47:00,-6.130826,106.808119,63.3,0.52734
2,2025-03-03 22:47:30,-6.129749,106.8124,58.6,0.48816
2,2025-03-03 22:48:00,-6.130462,106.81673,60.4,0.5032
2,2025-03-03 22:48:30,-6.131764,106.820182,50.2,0.41794
2,2025-03-03 22:49:00,-6.130907,106.825159,67.0,0.55842
2,2025-03-03 22:49:30,-6.130335,106.82916,53.7,0.44724
2,2025-03-03 22:50:00,-6.129845,106.833548,58.6,0.48875
2,2025-03-03 22:50:30,-6.129125,106.837563,54.1,0.45105
2,2025-03-03 22:51:00,-6.128187,106.841566,54.6,0.45536
2,2025-03-03 22:51:30,-6.127026,106.846261,64.2,0.53515
2,2025-03-03 22:52:00,-6.126014,106.850591,59.0,0.49191
2,2025-03-03 22:52:30,-6.124299,106.855032,63.3,0.52787
2,2025-03-03 22:53:00,-6.124299,106.855032,0.0,0.0
2,2025-03-03 22:53:30,-6.124299,106.855032,0.0,0.0
2,2025-03-03 22:54:00,-6.124299,106.855032,0.0,0.0
2,2025-03-03 22:54:30,-6.124299,106.855032,0.0,0.0
2,2025-03-03 22:55:00,-6.124299,106.855032,0.0,0.0
2,2025-03-03 22:55:30,-6.124299,106.855032,0.0,0.0
2,2025-03-03 22:56:00,-6.124299,106.855032,0.0,0.0
2,2025-03-03 22:56:30,-6.124299,106.855032,0.0,0.0
2,2025-03-03 22:57:00,-6.124299,106.855032,0.0,0.0
2,2025-03-03 22:57:30,-6.124299,106.855032,0.0,0.0
2,2025-03-03 22:58:00,-6.124299,106.855032,0.0,0.0
2,2025-03-03 22:58:30,-6.124299,106.855032,0.0,0.0
2,2025-03-03 22:59:00,-6.124299,106.855032,0.0,0.0
2,2025-03-03 22:59:30,-6.124299,106.855032,0.0,0.0
2,2025-03-03 23:00:00,-6.124299,106.855032,0.0,0.0
2,2025-03-03 23:00:30,-6.124299,106.855032,0.0,0.0
2,2025-03-03 23:01:00,-6.124299,106.855032,0.0,0.0
2,2025-03-03 23:01:30,-6.124299,106.855032,0.0,0.0
2,2025-03-03 23:02:00,-6.124299,106.855032,0.0,0.0
2,2025-03-03 23:02:30,-6.124299,106.855032,0.0,0.0
2,2025-03-03 23:03:00,-6.124299,106.855032,0.0,0.0
2,2025-03-03 23:03:30,-6.124299,106.855032,0.0,0.0
2,2025-03-03 23:04:00,-6.124299,106.855032,0.0,0.0
2,2025-03-03 23:04:30,-6.124299,106.855032,0.0,0.0
2,2025-03-03 23:05:00,-6.124299,106.855032,0.0,0.0
2,2025-03-03 23:05:30,-6.124299,106.855032,0.0,0.0
2,2025-03-03 23:06:00,-6.124299,106.855032,0.0,0.0
2,2025-03-03 23:06:30,-6.124299,106.855032,0.0,0.0
2,2025-03-03 23:07:00,-6.124299,106.855032,0.0,0.0
2,2025-03-03 23:07:30,-6.124299,106.855032,0.0,0.0
2,2025-03-03 23:08:00,-6.122315,106.859985,71.0,0.59207
2,2025-03-03 23:08:30,-6.122878,106.865333,72.5,0.60415
2,2025-03-03 23:09:00,-6.123923,106.870556,70.7,0.58901
2,2025-03-03 23:09:30,-6.124757,106.87473,56.5,0.47071
2,2025-03-03 23:10:00,-6.125763,106.87976,68.1,0.56719
2,2025-03-03 23:10:30,-6.127083,106.884661,67.6,0.56347
2,2025-03-03 23:11:00,-6.129162,106.888531,58.6,0.48864
2,2025-03-03 23:11:30,-6.131196,106.892502,60.1,0.50044
2,2025-03-03 23:12:00,-6.127261,106.893463,59.1,0.49237
2,2025-03-03 23:12:30,-6.123049,106.893285,56.2,0.46869
2,2025-03-03 23:13:00,-6.118526,106.893094,60.4,0.50336
2,2025-03-03 23:13:30,-6.119185,106.893473,57.1,0.47581
2,2025-03-03 23:14:00,-6.122917,106.893887,69.0,0.57496
